<config xmlns="http://www.linphone.org/xsds/lpconfig.xsd" xmlns:xsi="http://www.w3.org/2001/XMLSchema-instance" xsi:schemaLocation="http://www.linphone.org/xsds/lpconfig.xsd lpconfig.xsd">
	
	<section name="appname">
		<entry name="default">Lindoor</entry>
	</section>

	<section name="splash_title">
		<entry name="default">The customisable app for IP intercom systems</entry>
		<entry name="fr">L'app customisable pour les systèmes intercom IP</entry>
	</section>

	<section name="devices">
		<entry name="default">Devices</entry>
		<entry name="fr">Appareils</entry>
	</section>

	<section name="history">
		<entry name="default">History</entry>
		<entry name="fr">Historique</entry>
	</section>

	<section name="assistant">
		<entry name="default">Assistant</entry>
		<entry name="fr">Assistant</entry>
	</section>
	
	<!--  Menus  -->

	<section name="menu_assistant">
		<entry name="default">Account assistant</entry>
		<entry name="fr">Assistant de compte</entry>
	</section>

	<section name="menu_account">
		<entry name="default">My account</entry>
		<entry name="fr">Mon compte</entry>
	</section>

	<section name="menu_settings">
		<entry name="default">Settings</entry>
		<entry name="fr">Réglages</entry>
	</section>

	<section name="menu_about">
		<entry name="default">About</entry>
		<entry name="fr">À propos</entry>
	</section>

	<section name="menu_disconnect">
		<entry name="default">Disconnect account</entry>
		<entry name="fr">Déconnexion du compte</entry>
	</section>
	
	
	<section name="disconnect_confirm_message">
		<entry name="default">Would you like to disconnect your account ?</entry>
		<entry name="fr">Voulez-vous déconnecter votre compte ?</entry>
	</section>
	

	
	<!--  Assistant  -->

	
	<section name="assistant_welcome_title">
		<entry name="default">Welcome</entry>
		<entry name="fr">Bienvenue</entry>
	</section>

	<section name="assistant_welcome_subtitle">
		<entry name="default">This assistant will help you configure your account.</entry>
		<entry name="fr">Cet assistant vous permet de configurer votre compte.</entry>
	</section>

	<section name="assistant_create_lindoor_account">
		<entry name="default">Create a {appname} account</entry>
		<entry name="fr">Créer un compte {appname}</entry>
	</section>

	<section name="assistant_use_lindoor_account">
		<entry name="default">Use a {appname} account</entry>
		<entry name="fr">Utiliser un compte {appname}</entry>
	</section>

	<section name="assistant_use_sip_account">
		<entry name="default">Use your SIP account</entry>
		<entry name="fr">Utiliser votre compte SIP</entry>
	</section>

	<section name="assistant_remote_prov">
		<entry name="default">Remote configuration</entry>
		<entry name="fr">Configuration distante</entry>
	</section>

	<section name="assistant_remote_url">
		<entry name="default">From a URL</entry>
		<entry name="fr">Depuis une URL</entry>
	</section>
	
	<section name="assistant_remote_prov_from_url">
		<entry name="default">Remote configuration from a URL</entry>
		<entry name="fr">Configuration distante depuis une URL</entry>
	</section>
	
	<section name="lindoor_account_remote_url_success">
		<entry name="default">Remote configuration successfully applied</entry>
		<entry name="fr">La configuration distante a été effectuée avec succès</entry>
	</section>
	
	<section name="lindoor_account_remote_url_failed">
		<entry name="default">Remote configuration failed</entry>
		<entry name="fr">La configuration distante a échouée.</entry>
	</section>

	<section name="url">
		<entry name="default">URL</entry>
		<entry name="fr">URL</entry>
	</section>
	
	<section name="assistant_remote_qr">
		<entry name="default">From a QR code</entry>
		<entry name="fr">Via un QR Code</entry>
	</section>
	
	<section name="assistant_remote_from_qr">
		<entry name="default">Remote configuration from a QR code</entry>
		<entry name="fr">Configuration distante via un QR Code</entry>
	</section>
	
	<section name="assistant_remote_from_qr_desc">
		<entry name="default">Please scan the QR code that you generated.</entry>
		<entry name="fr">Scannez le QR code que vous avez généré.</entry>
	</section>
	
	<section name="camera_permission_denied_dont_ask_again">
		<entry name="default">You need to allow camera permission for {appname} inside phone settings</entry>
		<entry name="fr">Vous devez autorisez l'utilisation de l'appareil photo à {appname} dans les réglages de votre appareil</entry>
	</section>
	
	<section name="camera_permission_denied">
		<entry name="default">You need to allow camera permission to scan a QR Code</entry>
		<entry name="fr">Vous devez autorisez l'utilisation de l'appareil photo pour scanner un code QR</entry>
	</section>
	
	
	<section name="username">
		<entry name="default">Username</entry>
		<entry name="fr">Nom d'utilisateur</entry>
	</section>

	<section name="email">
		<entry name="default">E-mail</entry>
		<entry name="fr">E-Mail</entry>
	</section>

	<section name="password">
		<entry name="default">Password</entry>
		<entry name="fr">Mot de passe</entry>
	</section>

	<section name="password_confirmation">
		<entry name="default">Password confirmation</entry>
		<entry name="fr">Confirmation du mot de passe</entry>
	</section>

	<section name="create_account">
		<entry name="default">Create account</entry>
		<entry name="fr">Créer le compte</entry>
	</section>
	
	<section name="login">
		<entry name="default">Login</entry>
		<entry name="fr">Se connecter</entry>
	</section>

	<section name="input_invalid_empty_field">
		<entry name="default">Mandatory field</entry>
		<entry name="fr">Ce champ est obligatoire</entry>
	</section>
	
	<section name="input_invalid_format_uri">
		<entry name="default">Invalid URI format</entry>
		<entry name="fr">Format d'url invalide</entry>
	</section>
	
	<section name="invalid_host_name">
		<entry name="default">Invalid address format</entry>
		<entry name="fr">Format d'adresse incorrect</entry>
	</section>
	
	
	<section name="invalid_number">
		<entry name="default">Invalid number format</entry>
		<entry name="fr">Valeur incorrecte</entry>
	</section>
	
	
	<section name="proxy">
		<entry name="default">proxy</entry>
		<entry name="fr">proxy</entry>
	</section>
	
	<section name="register_expiration">
		<entry name="default">Registration expiration</entry>
		<entry name="fr">Expiration de l'enregistrement</entry>
	</section>
		
	
	<section name="account_creator_username_too_short">
		<entry name="default">Username too short</entry>
		<entry name="fr">Nom d'utilisateur trop court</entry>
	</section>
	
	
	<section name="account_creator_username_too_long">
		<entry name="default">Username too long</entry>
		<entry name="fr">Nom d'utilisateur trop long</entry>
	</section>
	
	
	<section name="account_creator_username_invalid_characters">
		<entry name="default">Invalid characters</entry>
		<entry name="fr">Caractètres non valides</entry>
	</section>
	
	
	<section name="account_creator_username_invalid">
		<entry name="default">Invalid username</entry>
		<entry name="fr">Nom d'utilisateur incorrect</entry>
	</section>
	
	
	<section name="account_creator_password_too_short">
		<entry name="default">Password too short</entry>
		<entry name="fr">Mot de passe trop court</entry>
	</section>
	
	
	<section name="account_creator_password_too_long">
		<entry name="default">Password too long</entry>
		<entry name="fr">Mot de passe trop long</entry>
	</section>
	
	
	<section name="account_creator_password_invalid_characters">
		<entry name="default">Invalid characters</entry>
		<entry name="fr">Caractèters non valides</entry>
	</section>
	
	
	<section name="account_creator_password_missingchars">
		<entry name="default">Password missing characters</entry>
		<entry name="fr">Caractères manquants</entry>
	</section>
	
	
	<section name="account_creator_email_malformed">
		<entry name="default">Invalid Email format</entry>
		<entry name="fr">Format d'émail incorrect</entry>
	</section>
	
	<section name="account_creator_email_invalid_characters">
		<entry name="default">Invalid characters</entry>
		<entry name="fr">Caractèters non valides</entry>
	</section>
	
	<section name="account_creator_domain_invalid">
		<entry name="default">Invalid domain name</entry>
		<entry name="fr">Nom de domain incorrect</entry>
	</section>
		
	<section name="input_password_do_not_match">
		<entry name="default">Passwords do not match.</entry>
		<entry name="fr">Les mots de passe de correspondent pas.</entry>
	</section>

	<section name="lindoor_account_username_already_exists">
		<entry name="default">This username is already used.</entry>
		<entry name="fr">Ce nom d’utilisateur est déjà utilisé.</entry>
	</section>
	
	
	<section name="lindoor_account_loggedin">
		<entry name="default">{appname} account connected.</entry>
		<entry name="fr">Compte {appname} connecté.</entry>
	</section>
	
	<section name="lindoor_account_login_failed_unknown_user">
		<entry name="default">Unknown username</entry>
		<entry name="fr">Utilisateur inconnu.</entry>
	</section>
	
	<section name="lindoor_account_login_wrong_password">
		<entry name="default">Invalid password</entry>
		<entry name="fr">Mot de passe incorrect</entry>
	</section>
	
	<section name="sip_account_configured">
		<entry name="default">sip account configured.</entry>
		<entry name="fr">Compte sip configuré.</entry>
	</section>
	
	<section name="more_settings">
		<entry name="default">More settings</entry>
		<entry name="fr">Plus d'options</entry>
	</section>
	
	<section name="domain">
		<entry name="default">SIP Domain</entry>
		<entry name="fr">Domaine SIP</entry>
	</section>
	
	<section name="transport">
		<entry name="default">Transport</entry>
		<entry name="fr">Transport</entry>
	</section>
	
	<!-- Devices View-->

	
	<section name="devices_empty_list_title">
		<entry name="default">Configure your IP video doorbells, security cameras and internal units, to see what is happening out there or call to your home.</entry>
		<entry name="fr">Configurez vos portiers vidéos, caméras de sécurité et unités internes pour appeler ou voir ce qu'il se passe chez vous</entry>
	</section>
	

	<!-- about -->

	<section name="about_link">
		<entry name="default">www.lindoor.org</entry>
	</section>

	
	<section name="app_version">
		<entry name="default">{appname} {0} {1}</entry>
	</section>
	
	
	<section name="sdk_version">
		<entry name="default">Linphone Core {0}</entry>
	</section>
	
	<section name="license_text">
		<entry name="default">GNU General Public License V3</entry>
	</section>
	
	<section name="copyright_text">
		<entry name="default">© 2010-2020 Belledonne Communications</entry>
	</section>

	
	<!-- dialogs -->
	
	<section name="ok">
		<entry name="default">Ok</entry>
	</section>
	
	<section name="cancel">
		<entry name="default">Cancel</entry>
		<entry name="fr">Annuler</entry>
	</section>
	
	
	<section name="confirm">
		<entry name="default">Confirm</entry>
		<entry name="fr">Confirmer</entry>
	</section>
	
	<section name="yes">
		<entry name="default">Yes</entry>
		<entry name="fr">Oui</entry>
	</section>
	
	<section name="no">
		<entry name="default">No</entry>
		<entry name="fr">Non</entry>
	</section>
	
	<section name="apply">
		<entry name="default">Apply</entry>
		<entry name="fr">Appliquer</entry>
	</section>

	<section name="generic_dialog_error_title">
		<entry name="default">Error</entry>
		<entry name="fr">Erreur</entry>
	</section>

	


	<!-- Android specific texts start-->

    <section name="lindoor_service_id">
        <entry name="default">lindoor_service_id</entry>
    </section>

    <section name="notification_channel_incoming_call_id">
        <entry name="default">lindoor_notification_channel_incoming_call_id</entry>
    </section>

	<section name="notification_channel_service_name">
		<entry name="default">{appname} service</entry>
		<entry name="fr">Service {appname}</entry>
	</section>

	<section name="notification_channel_incoming_call_name">
		<entry name="default">{appname} Incoming call</entry>
		<entry name="fr">{appname} Appel entrant</entry>
	</section>

	<section name="service_name">
		<entry name="default">{appname} Service</entry>
		<entry name="fr">Service {appname}</entry>
	</section>

	<section name="service_auto_start_description">
		<entry name="default">{appname} has been started automatically</entry>
		<entry name="fr">{appname} a été démarré automatiquement</entry>
	</section>

	<section name="service_description">
		<entry name="default">This is required to receive calls while in background.</entry>
		<entry name="fr">Ceci est requis pour recevoir des appels quand l'application est en arrière plan.</entry>
	</section>

    <section name="lindoor_account_created">
        <entry name="default">Your {appname} account {0} has been created. You will receive a validation email shortly.</entry>
        <entry name="fr">Votre compte {appname} {0} a été crée. Vous allez recevoir un mail de validation.</entry>
    </section>
	
	<section name="lindoor_account_creation_failed">
		<entry name="default">An error occured. Please try again later or contact support error code: {0}</entry>
		<entry name="fr">Une erreur est survenue, rééessayer plus tard ou contacter le support code erreur: {0}</entry>
	</section>

	<section name="lindoor_account_creation_request_failed">
		<entry name="default">Request failed. Please try again later or contact support.</entry>
		<entry name="fr">Une erreur de requête est survenue, rééessayer plus tard ou contacter le support.</entry>
	</section>

	
	
	
	
	<!-- Android specifics end -->

	
	
	

</config>
